seed,n,exp,final,sharpe
1,965,-0.009440495055271614,8899.222716628923,-0.6375810737514708
2,1168,-0.008176401046046226,4499.635782180092,-0.7142643399158337
3,1222,-0.00756402520264487,7567.612023679685,-0.908967162182466
4,801,-0.011300501310746336,9482.984500921855,-0.9143670263927007
5,1152,-0.008157890085840412,6021.106211118458,-0.610683461765241
6,1157,-0.008320733189526908,3729.116997173667,-0.5518014328916064
7,895,-0.010946224760297905,2031.2883953337441,-0.5312715523419693
8,1098,-0.008375905958600592,8032.552574565474,-0.7361279307672419
9,1064,-0.008488091365042675,9686.707875945955,-0.2943193787909128
10,1120,-0.008125066199112053,8999.258569945014,-0.6386497824648869
11,1220,-0.007874217715443681,3934.543871587055,-0.45609281918336286
12,947,-0.009654875234832713,8568.331526134207,-0.8084082458666679
13,1160,-0.008206215202490721,4807.903651107641,-0.6620367635030548
14,1189,-0.007817386534114488,7051.274109378748,-0.5022763877206816
15,1175,-0.0080677879720749,5203.491328119941,-0.6740753125746927
16,1264,-0.00724907899778858,8371.641467952344,-0.8447636300046809
17,1157,-0.008213167849662494,4973.647979404937,-0.46986641630266573
18,1185,-0.007740762664190578,8271.962429341642,-0.7439031601037618
19,787,-0.011534052147749597,9227.00959721068,-0.8212000534021764
20,1010,-0.009586709784612285,3174.2311754159164,-0.9204067765070539
21,785,-0.011797100416163353,7392.761733117659,-0.7973110784816929
22,902,-0.010390500545032978,6277.685083802557,-0.8863137128366946
23,799,-0.011417926241013697,8770.769334300538,-0.5784986018012664
24,1138,-0.008376651940681962,4673.700915039284,-0.66805226668413
25,745,-0.012887039659362061,3991.554537752658,-0.7850679467516453
26,924,-0.010181031395580941,5927.269904832123,-0.5601545834994796
27,1087,-0.008534650480804037,7228.349273660118,-0.6486909200432442
28,1195,-0.007739883314967054,7508.394386143715,-0.5591578179036376
29,1182,-0.007904314682525426,6571.000452549473,-0.9499319492775705
30,1174,-0.008076914910925546,5177.018945734075,-0.7437145576520823
31,1216,-0.00776829971181776,5537.475504296031,-0.1687741512201502
32,1397,-0.0067816410737690765,5260.4741994460055,-0.5895067504100581
33,896,-0.010393227636263372,6876.680379080164,-0.6058035466505843
34,922,-0.010216072468776259,5807.8118378829095,-0.8311209192609271
35,1214,-0.007667425228913387,6917.457720991486,-0.9318198892468381
36,1147,-0.008058697382531456,7566.741022364222,-0.6961082844153053
37,895,-0.010291939055187447,7887.1454560723505,-0.5416322273367491
38,944,-0.009941328098817889,6153.862747159132,-0.9683599629348824
39,1103,-0.00830712301956165,8372.43309423502,-0.618434106055646
40,887,-0.010518107584446946,6704.38572595561,-0.5943504913465768
41,1152,-0.00809855304297703,6704.66894490461,-0.7723366834022911
42,704,-0.01281529541015211,9780.320312529162,-0.9136705912207844
43,954,-0.009705981906819722,7404.932608939853,-0.7236507429692727
44,894,-0.010524554003725107,5910.487206697522,-0.5653289496473508
45,1191,-0.008248935062925504,1755.1834005572455,-0.42699620321988385
46,914,-0.010292785986392518,5923.936084372384,-0.8186440753606758
47,951,-0.00957434001045103,8948.026500610693,-0.8192795153912497
48,1064,-0.008903310222274599,5268.779234998277,-0.5418316905974322
49,1366,-0.006660476553350122,9017.890281237342,-0.6108562680209129
50,946,-0.009885987371589074,6478.559464767357,-0.46190516146766614
51,1211,-0.007830811103973071,5168.877530886108,-0.7308346915931816
52,1182,-0.008017711768217079,5230.646899674117,-0.5840846510801518
53,943,-0.009662675472785086,8880.970291636651,-0.6401281432074372
54,1276,-0.007372439683222047,5927.669642086679,-0.41763832218777214
55,1200,-0.0076001536762242815,8798.155885308632,-0.6809849989526292
56,1181,-0.0077572660656587316,8386.687764570379,-0.7847391264694623
57,848,-0.010965190858071214,7015.181523556123,-0.7446478805430278
58,986,-0.009416787779853298,7150.472490646498,-0.9339204460240655
59,864,-0.011335542461722616,2060.91313071661,-1.0648309751822413
60,1247,-0.007739634679557992,3486.755545911845,-1.0020516629441467
61,954,-0.009676043603060073,7690.5440268069215,-0.710644282881542
62,764,-0.012037114900136993,8036.442162953375,-0.8643756417724929
63,878,-0.010564859555416185,7240.533103445923,-0.4849606634487189
64,1198,-0.008031760432475893,3779.510018938803,-0.28022000892010146
65,1142,-0.008176789026608195,6621.069316134395,-0.5672334919766567
66,1144,-0.008397321836827005,3934.6381866990705,-0.9230108599579605
67,1154,-0.008412600628420815,2918.588748023816,-0.7612235451073873
68,994,-0.009464975103271395,5918.147473482299,-0.5983091811089243
69,768,-0.012192579174555856,6360.991939411033,-1.150152419223664
70,947,-0.00972492838370762,7904.928206288823,-0.7203744800540176
71,1218,-0.007749182679013158,5614.95496961975,-0.8558095659803703
72,996,-0.009072704116096356,9635.867003680294,-0.4921112269027208
73,891,-0.010206383812869651,9061.120227331412,-0.6556433651619205
74,1255,-0.007198481090501449,9659.062314206822,-0.5304322339998461
75,760,-0.011899747751684904,9561.917087194714,-0.9290983913656498
76,1130,-0.008167315458485843,7709.335319109989,-0.39254213026692036
77,970,-0.009297326424575458,9815.933681618058,-0.5194103971572704
78,1134,-0.008408722602681521,4645.085685591504,-0.6094029408432795
79,991,-0.009525802814313906,5599.294110149189,-0.7780098634206215
80,975,-0.00936879463711906,8654.252288089163,-0.7714844325916168
81,1243,-0.007306006421851512,9186.340176385711,-0.6340625260978324
82,924,-0.01020988220591028,5660.688417388999,-0.9046947589779922
83,895,-0.01030343416415592,7784.264230804518,-0.8169493407357711
84,900,-0.01042297735566677,6193.203798999079,-0.4959042341016669
85,1169,-0.00828401780796748,3159.831824860128,-0.8790598825251456
86,1215,-0.007589073190730615,7792.760732623035,-0.8223104150574638
87,789,-0.011587275628727654,8576.39528933879,-1.0673163471779499
88,702,-0.013022724149782769,8580.476468524954,-0.7605363534375406
89,1102,-0.008398500740956348,7448.52183466102,-0.533409852773254
90,959,-0.010350578796047496,737.9493459045189,-0.09279999678072719
91,1199,-0.00796008039564371,4558.636056231917,-0.9142022052311215
92,769,-0.01176094475675262,9558.334820572345,-0.9842318568372493
93,1240,-0.0077727140440527805,3618.345853745559,-0.7258270378777132
94,1129,-0.008445694948878533,4648.104027161375,-0.7343160923557457
95,1156,-0.008182192761064744,5413.8516820915975,-0.7164048221228145
96,1035,-0.00875144799157373,9422.513287211914,-0.40262037488116376
97,1155,-0.008048840976984748,7035.886715826142,-0.6318099495561343
98,1132,-0.008481984829368901,3983.9317315440276,-0.7855779077256662
99,1154,-0.008077530336841937,6785.299912844057,-0.7462377049412571
100,1153,-0.00865455781926039,212.94834392768098,-0.11803789758609705
101,1240,-0.007455443748499161,7552.497518610384,-0.8341824379711659
102,1215,-0.007407591001213535,9997.769335255565,-0.5137725935806158
103,1164,-0.007919919725448001,7812.134395785251,-0.5455132257049605
104,764,-0.0119139365781046,8977.524543280859,-1.0248647196209617
105,981,-0.009439771176312096,7395.844760378357,-0.5988072169394738
106,1093,-0.008688781638180288,5031.616694689452,-0.41148580722890904
107,1180,-0.008160686658415735,3703.897430694313,-0.6290420164474841
108,827,-0.010885092046615247,9980.288774491899,-0.8952710601854329
109,1303,-0.007178491140464246,6464.260439750884,-0.5955351447922579
110,1192,-0.007963806133516575,5071.430888482428,-0.8054776184048661
111,1320,-0.006936869145188256,8433.327283515027,-0.6288419241514096
112,1227,-0.007465405499885317,8399.47451640715,-0.661596991331742
113,1150,-0.007887973808767556,9288.301199173118,-0.5233411860076241
114,803,-0.011345998487121199,8891.632148416771,-0.8665182135462367
115,904,-0.010247332293200141,7364.116069470707,-0.7292201952013936
116,857,-0.010982710691324794,5878.169375346493,-0.6637577289973093
117,1213,-0.007763017185754667,5834.601536795861,-0.7972204174187925
118,1179,-0.008005248069948557,5618.125255306513,-0.7081181939821651
119,916,-0.010052915968011113,7915.289733018231,-0.8459036478790577
120,1182,-0.007771743646080242,8137.99010333154,-0.5811235651942052
121,884,-0.010436211894612545,7743.886851625095,-0.7093694150999716
122,942,-0.009555903441702875,9983.389579158902,-0.3982462564838359
123,1275,-0.007456009408523146,4935.880041329874,-0.91994952930667
124,929,-0.010158423835989725,5628.24256365544,-0.5429228580513483
125,762,-0.012186237745523194,7140.868379113264,-0.9230860435444019
126,1319,-0.00693879096944939,8477.34711296254,-0.47956661916122517
127,848,-0.010833397987243906,8132.785068171681,-0.4302220831177313
128,1219,-0.0076891054959715675,6269.804004106612,-0.8014380094790603
129,883,-0.010593852585804486,6456.281667346397,-0.8406368312886078
130,1182,-0.007894610747422228,6685.700965469237,-0.43322115559059093
131,1039,-0.00877874187987583,8788.871868090122,-0.613611590437109
132,1250,-0.007287768533252003,8902.893334349967,-0.48191794512584774
133,919,-0.010047429118958413,7664.12639677219,-0.69627228142452
134,1229,-0.007724587661170565,5064.817644213763,-0.8719541893334218
135,896,-0.010281069913779988,7881.613572531322,-0.7126207970563079
136,1026,-0.008829630013739261,9407.996059035184,-0.4751137441676561
137,981,-0.009193692489933212,9809.876673755207,-0.5625335684724876
138,1158,-0.00822561443550435,4747.384836859623,-0.5289611247018631
139,1232,-0.007620259691288564,6118.400603324888,-0.7685677135963497
140,923,-0.010383101561543063,4163.972586957534,-0.5587552790964615
141,1199,-0.00776831768761998,6857.870925436437,-0.9504146302002243
142,1296,-0.007051778355192094,8608.952516710458,-0.7272699020646816
143,1101,-0.008305481944121604,8556.643795221142,-0.6254520914452805
144,928,-0.01024313438064378,4943.712947625725,-0.6679327204580074
145,1223,-0.00760824763674708,6951.131402583225,-0.7712979383623578
146,1251,-0.007394413477726979,7495.887393635465,-0.49417410059600175
147,888,-0.010721641521576192,4791.823288403408,-0.6109166398793668
148,1101,-0.00830173347583852,8597.914431017882,-0.626673507021418
149,1256,-0.007580263601800792,4791.889161382074,-0.9067962029134067
150,944,-0.009891390329353668,6625.275290901365,-0.8044688386172878
151,1254,-0.0073085900309922715,8350.281011356914,-0.6226222160634621
152,1166,-0.008128150102391705,5225.769806112701,-0.8506477202552516
153,952,-0.009598782342150643,8619.592102725874,-0.6734426649552434
154,933,-0.010228155466171682,4571.3095006181975,-0.9020858689521358
155,970,-0.009464062303520211,8198.595655853947,-0.4649031689563111
156,1215,-0.007494954445445118,8936.303487841826,-0.7390055961324458
157,1201,-0.0076990377343421484,7534.556810550799,-0.9334100006424131
158,981,-0.009234506302591,9409.493171582275,-0.5627979209891283
159,796,-0.011722412248012596,6689.598505819726,-0.8796956354939662
160,759,-0.01247364208413411,5325.0565814221045,-0.8394828718175771
161,896,-0.010537365576061383,5585.204438490007,-0.7245349483763407
162,1069,-0.00842017116990461,9988.370193719718,-0.4983824782887523
163,974,-0.009258275872164178,9824.393005120932,-0.3037262323089237
164,1178,-0.007680020268692977,9529.361234796728,-0.6034876561399636
165,867,-0.010459779876415599,9313.70847147674,-0.8447862693755668
166,945,-0.009579728014063607,9471.570267098927,-0.7170776979539457
167,1217,-0.008074206658642058,1736.9049643261533,-0.4055589095133812
168,1000,-0.00909499701211503,9050.029878849688,-0.7305397730575898
169,1214,-0.007683947382225731,6716.878779779625,-0.844842805936496
170,1168,-0.007817727868362156,8688.938497530005,-0.44958157848321356
171,1039,-0.009183290391514139,4585.612832168088,-0.3943679484481981
172,1208,-0.007824416721363707,5481.046005926444,-0.8222864597552659
173,971,-0.009449462323841496,8245.720835499058,-0.5941274069498526
174,1087,-0.008436549407549369,8294.707939938366,-0.5108002240716719
175,862,-0.010776291499543896,7108.36727393161,-0.6890547204001032
176,1161,-0.008213697260359705,4638.974807223829,-0.48800291812906593
177,905,-0.010247787487578265,7257.523237416695,-0.6079466272790587
178,1168,-0.008132110813388986,5016.945699616641,-0.7696544960185234
179,1167,-0.008067253947641738,5855.146431020912,-0.5062516520586084
180,1007,-0.009279501925086076,6555.415614383208,-0.7080256149557818
181,861,-0.010769634353408348,7273.448217154131,-0.6615252283740727
182,1135,-0.008068869693531808,8418.328978413992,-0.5735594043061668
183,1153,-0.008387183778531553,3295.7710335311713,-0.5121152414035012
184,971,-0.009391168650521833,8811.752403432984,-0.6185884867685321
185,722,-0.012834956644414858,7331.613027324725,-0.9841234137961777
186,964,-0.009465073849131825,8756.688094369194,-0.661297049156697
187,1132,-0.008057577922994138,8788.217911706364,-0.5652576728907905
188,960,-0.009857021175721018,5372.596713078237,-0.575302428879016
189,934,-0.010153142853081732,5169.645752216631,-0.5498927023811719
190,1232,-0.007632267522140536,5970.464127228595,-0.9366580522178202
191,729,-0.013299951803892674,3043.3513496224186,-1.0160018124622032
192,788,-0.012072356732106463,4869.82895100108,-0.7274804371275204
193,1149,-0.008204186643746716,5733.895463350214,-0.5954155415539081
194,1001,-0.00911034290586001,8805.467512341304,-0.7855979635771833
195,1031,-0.008992998301613283,7282.187510367046,-0.5465079398752601
196,922,-0.0099019372877634,8704.138206821459,-0.6181610013416128
197,987,-0.00919423632393555,9252.887482756109,-0.6988622926486031
198,989,-0.009384144352966068,7190.812349165586,-0.7121182499685341
199,914,-0.009937011999900266,9175.710320911545,-0.8010262808736097
200,1105,-0.008326338084394456,7993.964167441256,-0.6641160935305056
